Workbook

Sheet 表紙
A1: 親子JVMのプロセス、メモリ、vCPU
A2: EC2 / Red Hat Enterprise Linux 9.8 / OpenJDK 21。親JVMが子JVMを同時10本まで起動し、業務は子が実行する。確認日 2026-10-14。
A4: 項目 | B4: 内容 | C4: どこを見るか
A5: 何の文書か | B5: 1台のEC2の中で、プロセスは分かれ、CPUと物理メモリは共有される、という関係を説明する。性能試験で sar を読むときの項目の意味と、その道具が生まれた経緯を同じ場所に置く。 | C5: Markdown と同じ内容の作業用ブック
A6: たとえ | B6: 教室がEC2、机がvCPU、ロッカーが物理メモリ、先生が親JVM、作業員が子JVM、引き出しがヒープ、日記係が sar である。 | C6: シート「たとえ話」
A7: 30秒の結論 | B7: 子を10本にしても机は増えない。ヒープの上限は10回足す。GCワーカーも、各JVMが見えているCPU数から人数を決めるので、GCが重なると机の数を大きく超える。 | C7: シート「子10本の重なり」
A8: 見本の数字 | B8: 8 vCPU、16GiB、親512MiB、子1024MiB×10、という仮の入力で、推定居住量は約14.59GiB。OSとキャッシュに2GiB残すと、見積もりは約0.59GiB超える。測定値ではない。 | C8: シート「計算」の太枠を自分の値に変える
A9: RHEL 9 の注意 | B9: sar の kbmemused は MemTotal−MemFree−Buffers−Cached−Slab。free の used は MemTotal−MemAvailable。空きの判定に使うのは kbavail である。 | C9: シート「メモリ」
A10: 最初の1行 | B10: vmstat と iostat の最初の1行は起動後平均。sar は間隔0のときだけ起動後平均。pidstat は2回目のブロック以降を採用する。 | C10: シート「sarの読み方」
A11: 測っていないもの | B11: 対象サーバのインスタンスタイプ、実フラグ、実 sar、GCログは見ていない。 | C11: シート「出典」
A12: フォントと色 | B12: 全セル Meiryo UI。色は白、灰、黒だけ。太枠の灰色が入力、薄い灰色が計算結果。 | C12: このシート
A13: 印刷 | B13: A3横。幅を1ページに収める。画面ではフィルタとウィンドウ枠の固定を使う。 | C13: 各シート共通
A14: 対になる文書 | B14: 親子JVMのメモリとCPUとsar.md | C14: 同じフォルダ

Sheet たとえ話
A1: たとえ話
A2: このシートだけで、机とロッカーと引き出しの関係が追える。あとのシートは同じ絵の正式な名前である。
A3: たとえの名前 | B3: 教室では何か | C3: コンピューターでは何か | D3: 10本にするとどうなるか
A4: 教室 | B4: このクラス専用の部屋。ビルの中の一部屋。 | C4: EC2インスタンス。Nitroが貸しているゲスト。 | D4: 教室は1つのまま。作業員を増やしても部屋は増えない。
A5: ビルの管理人 | B5: 机の脚数とロッカーの大きさを決めて貸す人。 | C5: Nitroハイパーバイザ。vCPUとメモリを割り当てる。 | D5: 管理人の貸与量は、子の本数では変わらない。
A6: 机 | B6: 同時に計算できる席。 | C6: vCPU。lscpuのCPU(s)。 | D6: 10人呼んでも机が8脚なら、2人は立つ。
A7: 机の種類 | B7: 1つの広い机か、1つの台を2人で使う机か。 | C7: Thread(s) per core。1ならコアそのもの。2ならハイパースレッド。 | D7: 人数の計算は、見える机の数で行う。
A8: ロッカー | B8: 大きさが決まっている収納。 | C8: 物理メモリ。freeのMem。 | D8: 引き出しの合計がロッカーを超えると、廊下の倉庫へ行く。
A9: 先生 | B9: 宿題を配り、終わったかを見る人。自分では全部解かない。 | C9: 親JVM。1プロセス。 | D9: 先生は1人のまま。枠が10あるかを数える。
A10: 作業員 | B10: 宿題を解く人。同時に10人まで。 | C10: 子JVM。業務処理の本体。 | D10: 10人が同時に自分の引き出しを広げる。
A11: 引き出し | B11: となりからは中が見えない、その人専用の場所。 | C11: Javaヒープ。-Xmxが上限。 | D11: 上限は人数分だけ足す。中身は共有しない。
A12: 手 | B12: 1人がたくさんの手を持てる。寝ている手は机を使わない。 | C12: スレッド。Linuxではタスク。 | D12: GCのときに、各人が机の数だけ手を起こそうとすることがある。
A13: 開いた教科書 | B13: 台の上に1冊あり、みんなで同じページを見る。 | C13: ページキャッシュ上の.so、JAR、CDSアーカイブ。 | D13: RSSを人数分足すと、この教科書を人数分に数えてしまう。
A14: 廊下の倉庫 | B14: 遠いので、取りに行くあいだ仕事が止まる。 | C14: スワップ。無い教室もある。 | D14: GCが倉庫のページに触ると、停止が長くなる。
... A16: 時計係や手紙係 | B16: 作業員ではないが、同じ机と同じロッカーを使う。 | C16: chronyd、sshd、SSM、journald、監査。 | D16: ピークの前に、この人たちの使用量を写真に残す。

Sheet 関係マップ
A1: 関係マップ
A2: プロセスは分かれ、机とロッカーは1つ、という対応表。試験で「どの列を見るか」までセットにしてある。
A3: もの | B3: 親と子 | C3: 子どうし | D3: ほかのプロセス | E3: 試験で見る場所
A4: プロセス | B4: PIDが違う。子のPPIDは親を指す。 | C4: 別プロセス。 | D4: systemd以下の常駐とは別。 | E4: ps -o pid,ppid,nlwp,rss,vsz,cmd
A5: Javaヒープ | B5: 親の-Xmxと子の-Xmxは別。 | C5: 共有しない。10本なら最大10個。 | D5: JVM以外はヒープを持たない。 | E5: jcmd VM.flags と GC.heap_info
A6: スレッド | B6: 各自が持つ。親のスレッドから子のヒープは見えない。 | C6: 同じヒープを共有するのは、同じ子の中だけ。 | D6: OSプロセスもスレッドを持つ。 | E6: pidstat -t -u -p PID
A7: 物理メモリ | B7: 1つのロッカーを分け合う。 | C7: 同じ。 | D7: 同じ。 | E7: sar -r ALL の kbavail と kbanonpg
A8: ページキャッシュ | B8: JDKの共有ライブラリとCDSは共有できる。 | C8: 同じファイルページを使える。 | D8: ログや入力ファイルのキャッシュとも同じ領域。 | E8: kbcached と smaps_rollup の Shared_Clean
A9: vCPU | B9: 1組の机を時間で分け合う。 | C9: 同じ。 | D9: sar自身、sshd、chronydとも分け合う。 | E9: sar -u ALL -P ALL と sar -q
A10: ファイルディスクリプタ | B10: 起動時に閉じ忘れを受け継ぐことがある。 | C10: 各プロセスが自分の表を持つ。 | D10: 上限はsystemdのLimitNOFILEを受け継ぐ。 | E10: /proc/PID/limits と fd
A11: ディスク | B11: EBSは1つの通路。 | C11: ログもGCログも同じキュー。 | D11: sar -o の書き込みも同じ通路。 | E11: sar -d -p の await と aqu-sz
A12: ネットワークとDB | B12: 子が接続する。親が接続することもある。 | C12: プールを本数で足す。 | D12: SSMや更新も同じNIC。 | E12: sar -n DEV。DB待ちはidleが大きい形。
A13: 終了 | B13: 子が落ちても親は残せる。 | C13: 1本のFull GCはそのJVMの中。 | D13: メモリ不足では大きいRSSが終了対象になりやすい。 | E13: PPID、dmesg の Killed process
A14: 標準出力 | B14: 親がパイプを読まないと、子の書き込みが止まる。 | C14: 各子のパイプは独立。 | D14: 関係するのは親と子の対。 | E14: ps -o stat,wchan

Sheet 子が起動する順
A1: 子が起動する順
A2: 1本の子の寿命。10本が重なると、この列が最大10本同時に進む。
A3: 順 | B3: 起きること | C3: メモリの見え方 | D3: CPUの見え方 | E3: 試験での印
A4: 1 | B4: 親は既に居て、同時実行中の子が10未満かを見る。 | C4: 親のRSSは居座ったまま。 | D4: 親は待ちが中心で、CPUは小さいことが多い。 | E4: 写真A。親だけのRSSとNMT。
A5: 2 | B5: ProcessBuilderが子を起動する。OpenJDK 21の既定はposix_spawn。 | C5: 親ヒープの複製は作らない。 | D5: jspawnhelperが瞬間的に現れる。 | E5: psにjspawnhelperが残像のように出る。
A6: 3 | B6: execのあと、子は新しいjavaプロセスになる。 | C6: VSZが-Xmx付近まで広がる。RSSはまだ上限未満であることが多い。 | D6: ローダが.soを読む。 | E6: pidstatのVSZとRSSの差。
A7: 4 | B7: GCスレッド、JITスレッド、業務スレッドが生まれる。 | C7: スタック×本数だけ私有メモリが増える。 | D7: 起動直後はC1/C2がuser時間を使う。 | E7: Thread.printのC2 CompilerThread。
A8: 5 | B8: CDSが一致すれば、読み取り専用ページを共有する。 | C8: Shared_Cleanに教科書が載る。 | D8: クラスロードのCPUとディスク読みが減る。 | E8: -Xlog:cds。共有失敗でも起動は続く。
A9: 6 | B9: 業務がオブジェクトを作る。 | C9: 触ったページだけRSSとAnonPagesが上がる。AlwaysPreTouchなら起動時に上がる。 | D9: ユーザモードの計算。 | E9: フラグにAlwaysPreTouchがあるかを先に見る。
A10: 7 | B10: Young GCが走る。 | C10: ヒープの中でコピーが進む。スワップされているとここでディスクに触る。 | D10: ParallelGCThreads本が同時に走ろうとする。 | E10: GCログの時刻とrunq-szの山。
A11: 8 | B11: JDBCやファイルの返事を待つ。 | C11: ヒープはそのまま居住する。 | D11: そのスレッドはSになり、机を使わない。idleが残る。 | E11: idleが高く、経過時間だけ長い形。
A12: 9 | B12: 子が終了する。 | C12: その子の匿名ページは返る。JARのキャッシュは残る。 | D12: そのPIDのCPUが消える。 | E12: 写真Dでkbanonpgが戻るか。
A13: 10 | B13: 親が終了コードを受け、空いた枠で次を起動する。 | C13: 親のメタスペースは、子が終わっても自動では空にならない。 | D13: proc/sに次の起動の山。 | E13: 写真AとDで親のClassとFDを比べる。
A14: 11 | B14: 親が先に死ぬと、子のPPIDが1になることがある。 | C14: 子のヒープは残る。 | D14: 止めたつもりでもCPUが残る。 | E14: psのPPIDが1のjava。

Sheet 歴史
A1: 歴史
A2: この構成と、sarという日記が、なぜ必要になったかの時系列。年は公開情報に沿ったもの。
A3: 年 | B3: できごと | C3: 当時の問題 | D3: いまの親子JVMとの関係
A4: 1960年代 | B4: 仮想メモリがAtlasやMulticsで実用になる。仕事は列に並んだ。 | C4: 実メモリより大きい仕事を、住所の予約で扱いたかった。 | D4: VSZが大きくRSSが小さい状態の祖先。-Xmxは予約の上限。
A5: 1969–1970年代 | B5: Unixが生まれ、プロセス、fork、execが固まる。 | C5: 仕事ごとにメモリを分けたかった。 | D5: 親が子を起動する形の祖先。
A6: 1980年代 | B6: System Vにsar（System Activity Reporter）が入る。メインフレームにはSMFとRMFがあった。 | C6: 夜のバッチの翌朝に、記憶ではなく記録で話したかった。 | D6: 性能試験でsarを取る、という手順の起源。
A7: 1995 | B7: Javaが公開される。1プロセス、多数のスレッド、1つのヒープ。 | C7: アプリサーバでオブジェクトを共有したかった。 | D7: ヒープを共有する便利さと、GCが全員を止める代償。
A8: 1999ごろ | B8: Sebastien GodardがLinux向けsysstatを書き始める。 | C8: Linuxが基幹に入っても、System Vの日記が欲しかった。 | D8: RHEL 9.8のsarの直接の祖先。
A9: 2002 | B9: NPTLがLinuxの実用的なスレッド実装になる。Red Hatが中心。 | C9: Javaのスレッドを、重いプロセスなしに大量に動かしたかった。 | D9: 子JVMの中のスレッドは、いまNPTLのタスク。
A10: 2000年代 | B10: クラスローダやOSGiで、1つのJVMの中を分けようとした。 | C10: ジョブの静的状態とメタスペースが、終了後も残った。 | D10: バッチが子プロセスへ戻った理由。
A11: 2006–2008 | B11: cgroupがGoogleで生まれ、Linux 2.6.24に入る。 | C11: 1台のCPUとメモリをグループで分けたかった。 | D11: RHEL 9のcgroup v2。上限が無いとJVMはマシン全体を自分の分母にする。
A12: 2017 | B12: JDK 9でG1が既定GCになる。 | C12: 大きいヒープの停止時間を、領域単位で扱いたかった。 | D12: OpenJDK 21の既定もG1。子10本はG1が10個。
A13: 2018 | B13: JDK 10前後で、コンテナのメモリ上限をヒープ計算に使うようになる。 | C13: JVMがホスト全メモリの4分の1を取ろうとしていた。 | D13: CPUQuotaとMemoryMaxが、GC人数と-Xmx自動の分母になる。
A14: JDK 13の系統 | B14: Linuxの子プロセス起動の既定がposix_spawnになる。 | C14: 大きい親のforkが、メモリ予約だけで失敗していた。 | D14: OpenJDK 21の親は、ヒープを複製せずに子を起動する。
... A17: 2026-05-19 | B17: RHEL 9.8が一般提供。GAカーネルは5.14.0-687.5.1.el9_8。 | C17: 9系の機能更新の後期。フルサポートは2027-05-31まで。 | D17: 試験票に貼るのは、その日のuname -r。

Sheet プロセス
A1: プロセス
A2: PID、スレッド、GCワーカー、起動方式。人数の式はシート「計算」と同じ。
A3: 項目 | B3: しくみ | C3: 10本のときの意味 | D3: 確認コマンド
A4: PIDとPPID | B4: プロセスはアドレス空間を持つ。PPIDは親。 | C4: ピークは親1＋子10。終了後は親1。 | D4: ps -o pid,ppid,lstart,cmd -C java
A5: posix_spawn | B5: jspawnhelper経由でexecする。親のヒープはコピーしない。 | C5: 親が大きくても、子の起動のためにヒープ2倍の空きは要らない。 | D5: jdk.lang.Process.launchMechanism
A6: 昔のfork | B6: execの前にアドレス空間の複製が要ることがあった。 | C6: overcommitが厳密だと、起動だけ失敗することがある。 | D6: sysctl vm.overcommit_memory
A7: スレッドはタスク | B7: 同じヒープを共有する実行の流れ。ulimit -uはタスク数。 | C7: 子10本×各60スレッドで、見込600に親が足される。 | D7: psのNLWP、/proc/PID/limits
A8: 寝ているスレッド | B8: 状態Sは実行キューに入らない。 | C8: JDBC待ちは机を使わない。本数とCPU使用は一致しない。 | D8: pidstat -t と psのstat
A9: 仮想スレッド | B9: JDK 21のキャリアがOSスレッド。待ちの本数はもっと多い。 | C9: NLWPが小さくてもDB接続は多い、があり得る。 | D9: Thread.print
A10: ParallelGCThreads | B10: Nが8以下ならN。それ以外は8+(N-8)×5/8。整数割り算。 | C10: 見えるCPUが8なら、1JVMあたり8。11JVM同時で88。 | D10: jcmd VM.flags
A11: ConcGCThreads | B11: (Parallel+2)/4と1の大きいほう。業務と同時に机を使う。 | C11: 見本では1JVMあたり2。11本で22。 | D11: jcmd VM.flags
A12: JIT | B12: 起動後にC1/C2がコンパイルする。短いバッチでは割合が大きい。 | C12: 冷えた10本同時起動は、定常よりCPUが高い。 | D12: GCログと分ける。Thread.printのC2。
A13: commonPool | B13: 見えているCPU数から1を引いたワーカー。使ったときだけ存在する。 | C13: 8CPUなら子1本で7、子10本で70。 | D13: スレッド名 ForkJoinPool.commonPool
A14: パイプ | B14: 親がstdoutを読まずに待っていると、64KiBで子のwriteが止まる。 | C14: CPUが低いのに枠が10のまま空かない。 | D14: ps -o wchan
A15: 孤児 | B15: 親が死ぬとPPIDが1になり、子は生き続けられる。 | C15: 停止したあとのRSSの残りの説明になる。 | D15: psのPPID

Sheet CPUとvCPU
A1: CPUとvCPU
A2: 机は2段ある。ハイパーバイザが物理コアへvCPUを載せ、LinuxのCFSがスレッドへvCPUを載せる。
A3: 項目 | B3: 意味 | C3: 親子JVMでの読み方 | D3: 見る列
A4: vCPU | B4: ゲストから見えるCPU。 | C4: 子を10本にしてもこの数は増えない。 | D4: lscpuのCPU(s)
A5: Thread(s) per core | B5: 1ならコアそのもの。2ならハイパースレッド。 | C5: GC人数の分母は、見える論理CPU。 | D5: lscpu
A6: NUMA | B6: メモリが複数の置き場に分かれる大きいサイズ。 | C6: ノードが2つ以上なら、CPUだけでなく置き場も記録する。 | D6: numactl --hardware
A7: マシンCPU 100% | B7: 見えているvCPUが全部忙しい。 | C7: 8 vCPUが全部忙しいと約100%。 | D7: sarのall、CloudWatch CPUUtilization
A8: プロセス%CPU | B8: 1 vCPU専有で100%。4 vCPU分で400%。 | C8: 子の行が100を超えるのは、複数コアを使った印。 | D8: pidstat。psの%CPUは生涯平均なので使わない。
A9: ロードアベレージ | B9: 実行したいタスクと割り込み不能タスクの指数平均。 | C9: 8 vCPUで16なら、机の2倍が列にいる、という読み方。 | D9: sar -qのldavg-1/5/15
A10: %user | B10: ユーザモード。業務、JIT、GCの大部分。 | C10: GCと業務はsarだけでは分離できない。 | D10: sar -u と GCログ
A11: %system | B11: カーネル。切替、メモリ操作、I/Oの開始。 | C11: 強制切替が多いと上がることがある。 | D11: sar -u と pidstat -w
A12: %iowait | B12: CPUは空いていて、ディスクI/Oが未完了。 | C12: vCPUが多いと百分率は小さく見えやすい。 | D12: awaitとセット
A13: %steal | B13: ハイパーバイザがvCPUを渡していなかった時間。 | C13: T系のクレジット枯渇や、ホスト側の混雑。 | D13: sar -u ALL
A14: %idle | B14: 上記のどれでもない空き。 | C14: DB待ちはここが大きい。 | D14: sar -u と sar -n DEV
... A21: ベースライン | B21: 子を起動する前の60秒。 | C21: ピークから引いた分が、子10本の増分。 | D21: 写真Aと写真C

Sheet メモリ
A1: メモリ
A2: 予約、居住、共有、RHEL 9でのfreeとsarの式の違い。空きの判定に使うのはkbavail。
A3: 項目 | B3: 数えているもの | C3: 読み方 | D3: 注意
A4: VSZ | B4: 予約した仮想アドレス。 | C4: 子の起動直後に-Xmx付近まで跳ねる。 | D4: 実メモリの使用量そのものではない。
A5: RSS | B5: 実メモリに載っているマップ。共有ページも全量入る。 | C5: プロセス単体の居住量。 | D5: 11本の合計は教科書の分だけ過大。
A6: PSS | B6: 共有ページを共有者数で割った居住量。 | C6: JVM合計に近い。 | D6: smaps_rollup。毎秒は取らない。
A7: Private_Dirty | B7: そのプロセスだけが汚したページ。 | C7: 終了すると戻る量に近い。 | D7: ヒープ、スタック、ネイティブの多く。
A8: AnonPages / kbanonpg | B8: ファイルに紐づかない匿名ページ。 | C8: 子の起動で増え、終了で戻る。 | D8: 写真AとCとDを比べる。
A9: kbavail / MemAvailable | B9: スワップせずに新しいアプリを始められる見込み。 | C9: ロッカーの余りとして使う。 | D9: freeのavailableと同じ系統。
A10: kbcached | B10: ファイルキャッシュ。Cached。 | C10: JARや.soや入力ファイル。回収できる。 | D10: sarのkbcachedはSReclaimableを含まない。
A11: kbmemused | B11: Total−Free−Buffers−Cached−Slab。 | C11: RHEL 9のsarの使用中。 | D11: RHEL 8のTotal−Freeではない。
A12: freeのused | B12: RHEL 9.1以降はTotal−MemAvailable。 | C12: sarのkbmemusedと同じ瞬間でも数字が違う。 | D12: 列名を報告書に書く。
A13: 仮の式 | B13: Total 16000000、Free 1000000、Buffers 100000、Cached 4000000、Slab 700000。 | C13: kbmemusedは10200000で63.75%。 | D13: 古い式だと15000000で94%に見える。
A14: 仮のavailable | B14: MemAvailableを5200000とした例。 | C14: freeのusedは10800000。 | D14: availableが5.2GBある。
... A23: kbpgtbl | B23: ページテーブル。 | C23: 大きいヒープが10本あると-Xmxの外で増える。 | D23: sar -r ALL

Sheet 近所と外部
A1: 近所と外部
A2: 同じ机、同じロッカー、同じEBS、同じNICを使う相手。DBの待ちは教室の外にいる。
A3: 相手 | B3: 何を共有するか | C3: 性能試験での出方 | D3: 残すもの
A4: systemd / journald / rsyslog | B4: CPUの少しと、ログのディスク。 | C4: 平常時は小さい。logrotateで短時間の山。 | D4: 写真Aのpidstat。
A5: sshd / chronyd / auditd / tuned | B5: CPUの少しとメモリ。 | C5: audit拒否はCPUに出ず、子が即終了する。 | D5: timedatectl、audit.log。
A6: amazon-ssm-agent と監視エージェント | B6: CPUとネットワークとディスク。 | C6: 試験の最中のRun Commandは山に混ざる。 | D6: 試験中にSSM作業をしないこと。
A7: sar / sadc 自身 | B7: ごく小さいCPUと、出力ファイルの書き込み。 | C7: 1秒採取を何本も重ねると、自分の測定が乗る。 | D7: 採取コマンドの本数。
A8: カーネルのスラブとページテーブル | B8: 物理メモリ。 | C8: kbslab、kbpgtbl、kbkstack。 | D8: sar -r ALL。
A9: EBS | B9: IOPSとスループットの上限。 | C9: awaitが伸び、idleが増え、経過時間が伸びる。 | D9: ボリュームタイプとプロビジョン値。
A10: NIC | B10: 帯域と、サイズによってはネットワーククレジット。 | C10: %softとrxkB/s、txkB/s。 | D10: インスタンスタイプのネットワーク仕様。
A11: DB | B11: 接続数は子のプール×本数。待ちは相手側。 | C11: idleが高く、帯域が細く、経過時間だけ長い。 | D11: プールサイズと相手の測定。
A12: OOM Killer | B12: 物理メモリが尽きたときの終了。 | C12: 大きい子が消え、親が残ることがある。 | D12: dmesgのKilled process。
A13: SELinux | B13: execの許可。 | C13: 性能グラフの前に子が死ぬ。 | D13: audit.log。
A14: ファイルディスクリプタ上限 | B14: 親から子へ受け継ぐ。 | C14: Too many open files。 | D14: /proc/PID/limits。
A15: スレッド数上限 | B15: タスク数。ヒープとは別。 | C15: unable to create native thread。 | D15: NLWP、pids.max、ulimit -u。

Sheet 子10本の重なり
A1: 子10本の重なり
A2: 10倍してよいものと、1つのままのものを分けた。見本の88ワーカーは、GCが重なった瞬間の上限。
A3: 種類 | B3: 項目 | C3: 10本での扱い | D3: 見本の数
A4: 足し算する | B4: ヒープ上限 | C4: 子の-Xmxを本数回足し、親を足す。 | D4: 0.5+10=10.5GiB
A5: 足し算する | B5: 私有のメタスペース、スタック、ダイレクト | C5: プロセスごとに持つ。 | D5: シート「計算」
A6: 足し算する | B6: Young GCが重なったときのワーカー | C6: 1JVMの人数×JVM本数。 | D6: 8×11=88。vCPUの11倍
A7: 足し算する | B7: JDBC接続 | C7: 子が各自プールを持つと本数倍。 | D7: 各10接続なら100
A8: 足し算する | B8: ログの書き込み | C8: 同じディスクキューに乗る。 | D8: sar -dのwkB/s
A9: 足さない | B9: vCPU | C9: 机の数は固定。 | D9: 見本は8
A10: 足さない | B10: 物理メモリ | C10: ロッカーの大きさは固定。 | D10: 見本は16GiB
A11: 足さない | B11: 共有ライブラリの実メモリ | C11: ページキャッシュ上で1回。 | D11: RSS合計との差分
A12: 足さない | B12: 親JVM | C12: 監督役は1本。 | D12: ピークでも親は1
A13: 新しく起きる | B13: 冷えた同時起動 | C13: クラスロードとJITが重なる。 | D13: proc/sとmajflt/sの短い山
A14: 新しく起きる | B14: GCの周期的な重なり | C14: 各子のGCは独立なので、山がそろうことがある。 | D14: GCログとrunq-sz
... A17: 見積もり | B17: OS予約2GiBを引いた余り | C17: 見本では約0.59GiB不足。 | D17: -0.590625GiB

Sheet 試験で見ること
A1: 試験で見ること
A2: 環境を固定し、4枚の写真を撮る。合否の制限時間は業務側の値。インフラは、時間がどこで溶けたかを言う。
A3: 分類 | B3: 確認すること | C3: なぜ要るか | D3: タイミング
A4: 環境 | B4: インスタンスタイプ、vCPU、Thread(s) per core、メモリ、NUMA、EBS、ネットワーク仕様 | C4: 机とロッカーと通路の大きさが、解釈の分母になる。 | D4: 試験前
A5: 環境 | B5: redhat-releaseとuname -r | C5: 9.8のGAカーネルからエラータで進む。 | D5: 試験前
A6: 環境 | B6: java -versionとrpm -q java-21-openjdk-headless | C6: OpenJDK 21の更新版を固定する。 | D6: 試験前
A7: フラグ | B7: 親と各子のMaxHeapSize、GC、ParallelGCThreads、ActiveProcessorCount、AlwaysPreTouch、NMT | C7: スクリプトの値と実効値が違うことがある。 | D7: ピークで全PID
A8: フラグ | B8: CDSが共有できたか。起動方式がposix_spawnか。 | C8: 起動の山と、fork失敗の切り分け。 | D8: 起動ログ
A9: カーネル | B9: overcommit、swappiness、THP、スワップの有無、LimitNOFILE、TasksMax、MemoryMax、CPUQuota | C9: 失敗の見た目が性能劣化に見える項目。 | D9: 試験前
A10: 写真A | B10: 親だけ。free、sar 60秒、親のNMTとPSS。 | C10: 近所と親の常駐費。 | D10: 子の前
A11: 写真B | B11: 子1本が温まった状態。 | C11: 1本の単価。10本との差が奪い合い。 | D11: 可能なら
A12: 写真C | B12: 子10本の山。1秒のsarとpidstat。NMTは1巡だけ。 | C12: 共有資源の上限。 | D12: 業務ピーク
A13: 写真D | B13: 子が終わったあと。javaは親だけ。kbanonpgが戻るか。 | C13: 親のリークと、残った子。 | D13: 終了直後
A14: 時計 | B14: timedatectlとchronyc tracking。開始時刻を親ログと揃える。 | C14: GCログとsarが重ねられる。 | D14: 試験前と開始時
A15: 読み方 | B15: 経過時間が制限を超えたとき、CPU、await、スワップ、外待ちのどれかを先に1つ決める。 | C15: 形が決まる前の増強は、待ちを大きい机へ移す。 | D15: 報告書

Sheet sarの読み方
A1: sarの読み方
A2: 日記の家系、最初の1行の意味、RHEL 9でのメモリの式、試験で残すオプション。
A3: 項目 | B3: 内容 | C3: 親子JVMでの読み方
A4: 家系 | B4: System Vのsarを、1999年ごろからのsysstatがLinuxへ運んだ。収集がsadc、定時がsa1とsysstat-collect.timer、表示がsar、変換がsadf。 | C4: 10分間隔の/var/log/saは背景。試験の山は1秒で別ファイルへ書く。
A5: 間隔0 | B5: sarの間隔が0のときだけ、起動後の平均を出す。 | C5: 試験のsar 1は、間隔の差分として読む。
A6: vmstatとiostat | B6: 最初の1行は起動後平均。iostatは-yで省ける。vmstatも-yがある版がある。 | C6: 2行目以降を採用する。
A7: pidstat | B7: 最初のブロックが起動後平均になる版がある。 | C7: 2回目のブロック以降を採用する。
A8: Average行 | B8: その窓の平均。山が短くアイドルが長いと、山が小さくなる。 | C8: ピークはピークの時刻の行で読む。
A9: sar -u ALL -P ALL 1 | B9: user、system、iowait、steal、idleに加え、irq、soft、guest。CPUごと。 | C9: allが50%でも1つのCPUが100%なら、1スレッドが律速。
A10: 仮のCPU行 | B10: user 78、system 6、iowait 0.4、steal 0、idle 15、という並びの例。 | C10: 計算が主体で、ディスク待ちとstealは小さい、という解釈。測定値ではない。
A11: sar -q ALL 1 | B11: runq-sz、plist-sz、ldavg-1/5/15、blocked。 | C11: runq-szをvCPUと並べる。blockedが本体ならディスク。
A12: sar -r ALL 1 | B12: kbavail、kbanonpg、kbcached、kbdirty、%commit、kbpgtbl、kbkstack、kbmemused。 | C12: 余りはkbavail。匿名の増減はkbanonpg。
A13: kbmemusedの式 | B13: MemTotal−MemFree−Buffers−Cached−Slab。%memusedはその割合。 | C13: RHEL 8の手順書の式をRHEL 9へ持ち越さない。
A14: sar -S と -W | B14: スワップ残量と、pswpin/s、pswpout/s。 | C14: 業務中の継続したpswpin/sは、JVMの試験では不合格条件として扱う。
... A23: 時刻 | B23: -sと-eはHH:MM:SS。ファイルの時刻はホストのローカル。 | C23: 深夜をまたぐとsaDDが2日分。

Sheet コマンド辞典
A1: コマンド辞典
A2: 読み取り専用。ピークに毎秒重ねてよいものと、A/C/Dの3点だけにするものを分けてある。
A3: 分類 | B3: コマンド | C3: 何が見えるか | D3: 親子JVMでの読み方 | E3: 注意
A4: 仕様 | B4: lscpu | C4: CPU数、Thread(s) per core、NUMA、モデル名。 | D4: 机の数と種類。GC人数の分母。 | E4: ファミリーの記憶で代用しない。
A5: 仕様 | B5: free -h | C5: Mem、available、buff/cache、swap。 | D5: 余りはavailable。 | E5: RHEL 9.1以降のusedはTotal−Available。
A6: 仕様 | B6: cat /proc/meminfo | C6: MemAvailable、AnonPages、Committed_AS、PageTables、Slab。 | D6: sarの列の裏付け。 | E6: 単位はkB。
A7: 日記 | B7: sar -u ALL -P ALL 1 | C7: CPU時間の内訳をCPUごと。 | D7: userが高いか、stealか、idleかを見る。 | E7: ヘッダ行を同じファイルに残す。
A8: 日記 | B8: sar -q ALL 1 | C8: 実行キューとロード。 | D8: runq-szとvCPUを並べる。 | E8: 1分ロードだけを見ない。
A9: 日記 | B9: sar -r ALL 1 | C9: メモリの内訳。 | D9: kbavailとkbanonpgとkbcached。 | E9: kbmemusedはRHEL 9の式。
A10: 日記 | B10: sar -W 1 | C10: スワップインとアウト。 | D10: 0が続いているかを見る。 | E10: スワップ領域が無いホストでは総量0。
A11: 日記 | B11: sar -B 1 | C11: ページインとフォルト。 | D11: 冷えた起動のmajfltと、スワップを分ける。 | E11: fault/sの増加はAlwaysPreTouch無しでも起きる。
A12: 日記 | B12: sar -w 1 | C12: プロセス生成とコンテキストスイッチ。 | D12: 起動の秒にproc/s。 | E12: 内訳はpidstat。
A13: 日記 | B13: sar -d -p 1 | C13: ディスクの待ち。 | D13: awaitとaqu-sz。 | E13: %utilだけでSSDを判断しない。
A14: 日記 | B14: sar -n DEV 1 | C14: NICの送受信。 | D14: DB待ちは帯域が細い形。 | E14: 相手のCPUは出ない。
... A33: 仕様 | B33: IMDSv2のinstance-type | C33: EC2の型番。 | D33: クレジット型かどうかを仕様と照合する。 | E33: トークン付きのリンクローカル。

Sheet 形の読み分け
A1: 形の読み分け
A2: 数字の組み合わせに名前を付けたもの。仮の閾値ではない。業務の合否は経過時間で決める。
A3: 形の名前 | B3: 同時に見えているもの | C3: 読めること | D3: 次に見るもの
A4: 計算で机が埋まっている | B4: userが高く、stealが0、iowaitが0、kbavailが十分、pswpinが0。 | C4: 子のスレッドとGCがvCPUを使っている。 | D4: runq-sz、nvcswch、GCログの重なり。
A5: ディスク待ち | B5: idleがあり、awaitまたはiowaitが高く、aqu-szがある。 | C5: EBS、ログ、入力ファイル。 | D5: ボリュームのIOPSと、ログの書き込み量。
A6: 机を返されている | B6: stealが継続して高い。 | C6: ハイパーバイザ側の制約。 | D6: インスタンスタイプとCPUクレジット。
A7: 外で待っている | B7: idleが高く、runqが小さく、帯域が細い。経過時間は長い。 | C7: JDBCや別APIの応答。 | D7: プール合計と相手側の測定。
A8: スワップを踏むGC | B8: kbavailが低く、pswpinが増え、majfltが増え、GC時間が伸びる。 | C8: ヒープ合計かネイティブか同時本数が大きい。 | D8: NMTと、子の-Xmxの合計。
A9: キャッシュが温まっている | B9: memusedが高め、kbcachedが大きく、kbavailも残る。 | C9: 使用中の定義の違い。 | D9: 判定はkbavail。
A10: 起動の山 | B10: proc/sの短い山、ファイル側のmajflt、JITスレッド。 | C10: 冷えた同時起動。 | D10: 温まった回と分けて記録する。
A11: 1本だけ遅い | B11: 1つのPIDだけGCが長く、同時数は10のまま。 | C11: 平均ではなくその子。 | D11: そのPIDのヒープとヒストグラムはピークの外で。
A12: 親の残骸 | B12: 写真Dの親のClass、FD、スレッドが写真Aより大きい。 | C12: 子は返っている。親が持っている。 | D12: 親のNMT。
A13: 孤児 | B13: 親の停止後もjavaが残り、PPIDが1。 | C13: 停止が子へ届いていない。 | D13: pstreeとsystemdのKillMode。
A14: パイプ詰まり | B14: 子のwchanがパイプ書き込み。CPUは低い。枠が空かない。 | C14: 親が標準出力を読んでいない。 | D14: ProcessBuilderのリダイレクト。
... A16: RSSだけが大きい | B16: RSS合計がAnonPagesの増分より大きい。Shared_Cleanがある。 | C16: 共有ライブラリの二重計上。 | D16: PSSの合計。

Sheet 試験手順
A1: 試験手順
A2: 採取の順番。コマンドの詳細は「コマンド辞典」。数字の解釈は「形の読み分け」。
A3: 順 | B3: やること | C3: 残す成果物 | D3: ここで分かること
A4: 1 | B4: 環境の固定項目を、子を増やす前にファイルへ残す。 | C4: lscpu、free、uname、java -version、sysctl、THP、timedatectl。 | D4: 分母が固定される。
A5: 2 | B5: sysstatのタイマーを確認し、当日の/var/log/saを保管する。 | C5: systemctl list-timers、saDD。 | D5: 試験前から異常だったか。
A6: 3 | B6: 写真A。親だけ。 | C6: sar 60秒、親のVM.flags、NMT、smaps_rollup。 | D6: 近所と親の常駐費。
A7: 4 | B7: sar -A -oで1秒採取を始める。見張りにvmstatとpidstat。 | C7: バイナリファイル。 | D7: あとから切り出せる日記。
A8: 5 | B8: 可能なら子1本の写真B。 | C8: 温まったあとのRSSとjstat。 | D8: 1本の単価。
A9: 6 | B9: 同時10本を流す。開始時刻を親ログとdateで残す。 | C9: 開始時刻。 | D9: GCログとの重ね。
A10: 7 | B10: ピークで本数が親1＋子10であること、全子のMaxHeapSizeが同じことを確認する。 | C10: ps、VM.flags。NMTは1巡。 | D10: 設定値と実効値。
A11: 8 | B11: 終了後の写真D。 | C11: ps、kbanonpg、親のNMT、dmesg。 | D11: 返却と、OOMと、親の残骸。
A12: 9 | B12: sadfで必要な資源を出し、GCログとrunq-szとkbavailを重ねる。 | C12: 表計算。 | D12: 山の時刻が一致するか。
A13: 10 | B13: 形を1つ決めてから、本数やサイズの変更を話す。 | C13: 報告書。物差しの種類と、冷えた回か温まった回かを書く。 | D13: 待ちを別の資源へ移さない。

Sheet 計算
A1: 見積もりの計算
A2: 太枠の灰色だけ入力する。結果は仮の見積もりで、試験の RSS、PSS、kbavail、NMT を置き換える前の下絵である。初期値は文書の見本と一致する。
A4: 区分 | B4: 項目 | C4: 値 | D4: 単位 | E4: 意味
A5: 入力 | B5: vCPU 数 | C5: 8 | D5: 個 | E5: lscpu の CPU(s)。ゲストから見える机の数。
A6: 入力 | B6: 物理メモリ | C6: 16 | D6: GiB | E6: free の Mem の合計。インスタンスに割り当てられたロッカー。
A7: 入力 | B7: 1コアあたりのスレッド数 | C7: 1 | D7: 本 | E7: lscpu の Thread(s) per core。1なら1 vCPUが1コア。2ならハイパースレッド。
A8: 入力 | B8: JVMから見えているCPU数 | C8: 8 | D8: 個 | E8: ActiveProcessorCount か cgroup のCPU上限。無ければ vCPU 数と同じ。
A9: 入力 | B9: 親の -Xmx | C9: 512 | D9: MiB | E9: 親JVMのヒープ上限。監督役なので子より小さいことが多い。
A10: 入力 | B10: 子1本の -Xmx | C10: 1024 | D10: MiB | E10: 業務を実行する子のヒープ上限。本数分だけ足す。
A11: 入力 | B11: 同時に生きる子 | C11: 10 | D11: 本 | E11: 設定された並列起動数。ピークの java 本数は親を足して11になる想定。
A12: 入力 | B12: 親のスレッド数の見込 | C12: 40 | D12: 本 | E12: pidstat -t か Thread.print で置き換える。
A13: 入力 | B13: 子1本のスレッド数の見込 | C13: 60 | D13: 本 | E13: 業務スレッド、GC、JITを含む概数。寝ているスレッドは机を使わない。
A14: 入力 | B14: スレッドスタック | C14: 1024 | D14: KiB | E14: 64bit Linux の -Xss の既定はおおよそこの値。実フラグを優先する。
A15: 入力 | B15: メタスペースの見込 | C15: 96 | D15: MiB/JVM | E15: NMT の Class の committed で置き換える。
A16: 入力 | B16: コードキャッシュの実使用の見込 | C16: 48 | D16: MiB/JVM | E16: 予約240MiBを全部は足さない。NMT の Code の committed を使う。
... A19: 入力 | B19: OSとページキャッシュに残す量 | C19: 2 | D19: GiB | E19: カーネル、監視、JARのキャッシュ、ログに残したい余裕。
A20: 結果 | B20: 入力から計算する。ここは編集しない。
A21: 計算 | B21: 物理コア数 | C21: =IF(C7=0,"",C5/C7) | D21: 個 | E21: vCPU ÷ 1コアあたりのスレッド数。SMTの有無で机の実体が変わる。
A22: 計算 | B22: JVM本数 | C22: =1+C11 | D22: 本 | E22: 親1＋同時の子。jspawnhelper は含めない。
A23: 計算 | B23: ヒープ合計 | C23: =(C9+C10*C11)/1024 | D23: GiB | E23: 親と子の -Xmx の合計。上限の足し算であり、その瞬間のRSSではない。
A24: 計算 | B24: スタック合計 | C24: =(C12+C13*C11)*C14/1024/1024 | D24: GiB | E24: 見込スレッド数 × スタックサイズ。
A25: 計算 | B25: メタスペース合計 | C25: =C15*C22/1024 | D25: GiB | E25: JVM本数ぶん。子の終了で子の分は返る。親の分は残る。
A26: 計算 | B26: コードキャッシュ合計 | C26: =C16*C22/1024 | D26: GiB | E26: 実使用の見込。予約サイズの240MiB×本数ではない。
A27: 計算 | B27: ダイレクトバッファ合計 | C27: =C17*C22/1024 | D27: GiB | E27: 使った分の見込。上限まで必ず使うわけではない。
A28: 計算 | B28: G1とglibcの追加 | C28: =C23*C18 | D28: GiB | E28: ヒープ合計に割合を掛けた見込。
A29: 計算 | B29: 推定居住量 | C29: =C23+C24+C25+C26+C27+C28 | D29: GiB | E29: 私有メモリの下絵。共有ライブラリの二重計上は含めていない。
A30: 計算 | B30: 余り | C30: =C6-C29-C19 | D30: GiB | E30: 物理メモリから推定居住量とOS予約を引いた値。負なら見積もりがロッカーを超える。
A31: 計算 | B31: 1JVMのParallel GCワーカー | C31: =IF(C8<=8,C8,8+INT(MAX(0,C8-8)*5/8)) | D31: 本 | E31: G1の既定。整数の割り算。見えているCPU数から決まる。
A32: 計算 | B32: 1JVMのConc GCスレッド | C32: =MAX(1,INT((C31+2)/4)) | D32: 本 | E32: (ParallelGCThreads+2)/4 と 1 の大きいほう。
A33: 計算 | B33: 全JVMが同時にYoung GC | C33: =C31*C22 | D33: 本 | E33: 重なった瞬間の上限。常時この人数が走っているという意味ではない。
A34: 計算 | B34: GCワーカー ÷ vCPU | C34: =IF(C5=0,"",C33/C5) | D34: 倍 | E34: 1を超えると、GCが重なったとき机が足りない。
A35: 計算 | B35: commonPoolのワーカー/JVM | C35: =MAX(1,C8-1) | D35: 本 | E35: parallelStream等を使ったとき。使っていなければスレッドダンプに出ない。
A36: 計算 | B36: 子のcommonPool合計 | C36: =C35*C11 | D36: 本 | E36: 子だけ。親が同じプールを使えば、さらに1JVM分が足される。
A37: 計算 | B37: スレッド数の見込合計 | C37: =C12+C13*C11 | D37: 本 | E37: ulimit -u と pids.max と並べる。寝ているスレッドはロードに入らない。
A39: 判定 | B39: メモリの見積もり | C39: =IF(C30<0,"見積もりが物理メモリを超えています",IF(C30<2,"余りが2GiB未満です","見積もりのうえでは収まります"))
A40: 判定 | B40: GCが重なったとき | C40: =IF(C34>2,"GCワーカーだけでvCPUの2倍を超えます",IF(C34>1,"GCワーカーがvCPU数を超えます","GCワーカーの合計はvCPU以内です"))
A41: 判定 | B41: 圧縮OOPの境界 | C41: =IF(C10>=32768,"子のヒープが32GiB以上です。UseCompressedOopsの実効値を確認します","子ヒープは32GiB未満の入力です。境界はJVMごとに判定します")
A43: 検算 | B43: 見本の検算 | C43: =IF(AND(C5=8,C6=16,C7=1,C8=8,C9=512,C10=1024,C11=10,C12=40,C13=60,C14=1024,C15=96,C16=48,C17=32,ABS(C18-0.15)<0.0001,C19=2,ABS(C29-14.590625)<0.0001,ABS(C30+0.590625)<0.0001,C33=88),"文書の見本と一致","入力が見本から変わっているか、式がずれています")

Sheet 感度
A1: 同時本数と、見えるCPU数の感度
A2: 値はシート「計算」の太枠を参照する。ここには入力欄は無い。見本の初期値のままなら、子10本の行の推定居住量は14.591GiB、余りは-0.591GiB、Young GCワーカーは88になる。
A4: 同時の子 | B4: JVM本数 | C4: ヒープGiB | D4: スタックGiB | E4: 推定居住GiB | F4: 余りGiB | G4: 同時YoungGCワーカー | H4: vCPU比 | I4: commonPool子合計 | J4: スレッド見込 | K4: メモリ判定
A5: 1 | B5: =1+A5 | C5: =('計算'!$C$9+'計算'!$C$10*A5)/1024 | D5: =('計算'!$C$12+'計算'!$C$13*A5)*'計算'!$C$14/1024/1024 | E5: =C5+D5+'計算'!$C$15*B5/1024+'計算'!$C$16*B5/1024+'計算'!$C$17*B5/1024+C5*'計算'!$C$18 | F5: ='計算'!$C$6-E5-'計算'!$C$19 | G5: ='計算'!$C$31*B5 | H5: =IF('計算'!$C$5=0,"",G5/'計算'!$C$5) | I5: ='計算'!$C$35*A5 | J5: ='計算'!$C$12+'計算'!$C$13*A5 | K5: =IF(F5<0,"見積もりが超える",IF(F5<2,"余りが小さい","見積もりでは収まる"))
A6: 2 | B6: =1+A6 | C6: =('計算'!$C$9+'計算'!$C$10*A6)/1024 | D6: =('計算'!$C$12+'計算'!$C$13*A6)*'計算'!$C$14/1024/1024 | E6: =C6+D6+'計算'!$C$15*B6/1024+'計算'!$C$16*B6/1024+'計算'!$C$17*B6/1024+C6*'計算'!$C$18 | F6: ='計算'!$C$6-E6-'計算'!$C$19 | G6: ='計算'!$C$31*B6 | H6: =IF('計算'!$C$5=0,"",G6/'計算'!$C$5) | I6: ='計算'!$C$35*A6 | J6: ='計算'!$C$12+'計算'!$C$13*A6 | K6: =IF(F6<0,"見積もりが超える",IF(F6<2,"余りが小さい","見積もりでは収まる"))
A7: 4 | B7: =1+A7 | C7: =('計算'!$C$9+'計算'!$C$10*A7)/1024 | D7: =('計算'!$C$12+'計算'!$C$13*A7)*'計算'!$C$14/1024/1024 | E7: =C7+D7+'計算'!$C$15*B7/1024+'計算'!$C$16*B7/1024+'計算'!$C$17*B7/1024+C7*'計算'!$C$18 | F7: ='計算'!$C$6-E7-'計算'!$C$19 | G7: ='計算'!$C$31*B7 | H7: =IF('計算'!$C$5=0,"",G7/'計算'!$C$5) | I7: ='計算'!$C$35*A7 | J7: ='計算'!$C$12+'計算'!$C$13*A7 | K7: =IF(F7<0,"見積もりが超える",IF(F7<2,"余りが小さい","見積もりでは収まる"))
A8: 8 | B8: =1+A8 | C8: =('計算'!$C$9+'計算'!$C$10*A8)/1024 | D8: =('計算'!$C$12+'計算'!$C$13*A8)*'計算'!$C$14/1024/1024 | E8: =C8+D8+'計算'!$C$15*B8/1024+'計算'!$C$16*B8/1024+'計算'!$C$17*B8/1024+C8*'計算'!$C$18 | F8: ='計算'!$C$6-E8-'計算'!$C$19 | G8: ='計算'!$C$31*B8 | H8: =IF('計算'!$C$5=0,"",G8/'計算'!$C$5) | I8: ='計算'!$C$35*A8 | J8: ='計算'!$C$12+'計算'!$C$13*A8 | K8: =IF(F8<0,"見積もりが超える",IF(F8<2,"余りが小さい","見積もりでは収まる"))
A9: 10 | B9: =1+A9 | C9: =('計算'!$C$9+'計算'!$C$10*A9)/1024 | D9: =('計算'!$C$12+'計算'!$C$13*A9)*'計算'!$C$14/1024/1024 | E9: =C9+D9+'計算'!$C$15*B9/1024+'計算'!$C$16*B9/1024+'計算'!$C$17*B9/1024+C9*'計算'!$C$18 | F9: ='計算'!$C$6-E9-'計算'!$C$19 | G9: ='計算'!$C$31*B9 | H9: =IF('計算'!$C$5=0,"",G9/'計算'!$C$5) | I9: ='計算'!$C$35*A9 | J9: ='計算'!$C$12+'計算'!$C$13*A9 | K9: =IF(F9<0,"見積もりが超える",IF(F9<2,"余りが小さい","見積もりでは収まる"))
A10: 12 | B10: =1+A10 | C10: =('計算'!$C$9+'計算'!$C$10*A10)/1024 | D10: =('計算'!$C$12+'計算'!$C$13*A10)*'計算'!$C$14/1024/1024 | E10: =C10+D10+'計算'!$C$15*B10/1024+'計算'!$C$16*B10/1024+'計算'!$C$17*B10/1024+C10*'計算'!$C$18 | F10: ='計算'!$C$6-E10-'計算'!$C$19 | G10: ='計算'!$C$31*B10 | H10: =IF('計算'!$C$5=0,"",G10/'計算'!$C$5) | I10: ='計算'!$C$35*A10 | J10: ='計算'!$C$12+'計算'!$C$13*A10 | K10: =IF(F10<0,"見積もりが超える",IF(F10<2,"余りが小さい","見積もりでは収まる"))
A11: 16 | B11: =1+A11 | C11: =('計算'!$C$9+'計算'!$C$10*A11)/1024 | D11: =('計算'!$C$12+'計算'!$C$13*A11)*'計算'!$C$14/1024/1024 | E11: =C11+D11+'計算'!$C$15*B11/1024+'計算'!$C$16*B11/1024+'計算'!$C$17*B11/1024+C11*'計算'!$C$18 | F11: ='計算'!$C$6-E11-'計算'!$C$19 | G11: ='計算'!$C$31*B11 | H11: =IF('計算'!$C$5=0,"",G11/'計算'!$C$5) | I11: ='計算'!$C$35*A11 | J11: ='計算'!$C$12+'計算'!$C$13*A11 | K11: =IF(F11<0,"見積もりが超える",IF(F11<2,"余りが小さい","見積もりでは収まる"))
A13: 同時の子の列は、この表の中だけ変えられる。ヒープやvCPUを変えるときはシート「計算」の太枠を変える。GCワーカーは、見えているCPU数から決めた1JVMあたりの人数に、親を含むJVM本数を掛けたもの。
A15: 見えるCPU | B15: Parallel/JVM | C15: Conc/JVM | D15: 全JVM同時のYoungGC | E15: そのCPU数に対する倍率
A16: 2 | B16: =IF(A16<=8,A16,8+INT(MAX(0,A16-8)*5/8)) | C16: =MAX(1,INT((B16+2)/4)) | D16: =B16*(1+'計算'!$C$11) | E16: =IF(A16=0,"",D16/A16)
A17: 4 | B17: =IF(A17<=8,A17,8+INT(MAX(0,A17-8)*5/8)) | C17: =MAX(1,INT((B17+2)/4)) | D17: =B17*(1+'計算'!$C$11) | E17: =IF(A17=0,"",D17/A17)
A18: 8 | B18: =IF(A18<=8,A18,8+INT(MAX(0,A18-8)*5/8)) | C18: =MAX(1,INT((B18+2)/4)) | D18: =B18*(1+'計算'!$C$11) | E18: =IF(A18=0,"",D18/A18)
A19: 10 | B19: =IF(A19<=8,A19,8+INT(MAX(0,A19-8)*5/8)) | C19: =MAX(1,INT((B19+2)/4)) | D19: =B19*(1+'計算'!$C$11) | E19: =IF(A19=0,"",D19/A19)
A20: 16 | B20: =IF(A20<=8,A20,8+INT(MAX(0,A20-8)*5/8)) | C20: =MAX(1,INT((B20+2)/4)) | D20: =B20*(1+'計算'!$C$11) | E20: =IF(A20=0,"",D20/A20)
A21: 32 | B21: =IF(A21<=8,A21,8+INT(MAX(0,A21-8)*5/8)) | C21: =MAX(1,INT((B21+2)/4)) | D21: =B21*(1+'計算'!$C$11) | E21: =IF(A21=0,"",D21/A21)
A22: 64 | B22: =IF(A22<=8,A22,8+INT(MAX(0,A22-8)*5/8)) | C22: =MAX(1,INT((B22+2)/4)) | D22: =B22*(1+'計算'!$C$11) | E22: =IF(A22=0,"",D22/A22)
A24: 直前の表の倍率は、その行のCPU数をvCPU数とみなしている。同時の子の本数はシート「計算」の入力を使う。見えるCPUが8で子が10なら、全JVM同時のYoung GCワーカーは88、倍率は11。

Sheet JDKとRHEL
A1: JDKとRHEL
A2: OpenJDK 21とRHEL 9.8の、この構成に効く点。既定と、フラグを付けたときを分けてある。
A3: 点 | B3: 既定で起きること | C3: この構成での意味
A4: G1 | B4: 既定GC。 | C4: 子10本はG1が10個。Young GCは停止型で、ParallelGCThreadsが机を取りにいく。
A5: 世代別ZGC | B5: 入っている。既定ではない。-XX:+UseZGC -XX:+ZGenerationalのときだけ。 | C5: CPUの常時使用とネイティブメモリの形が変わる。フラグを見てから説明する。
A6: 仮想スレッド | B6: JEP 444。アプリが使ったときだけ。 | C6: 子の中の待ちは軽くなる。プロセス数とヒープの個数は減らない。
A7: CDS | B7: -Xshare:auto。アーカイブが一致すれば共有。 | C7: 失敗しても起動は続く。ログで成否を残す。
A8: posix_spawn | B8: Linuxの既定の子起動。 | C8: 大きい親からの起動で、fork時代の予約失敗を避ける。
A9: cgroup v2 | B9: 上限があれば分母になる。無制限ならインスタンス全体。 | C9: CPUQuotaとMemoryMaxの有無をユニット定義で残す。
A10: NMTとJFR | B10: OpenJDKに含まれる。NMTは起動フラグが必要。 | C10: JFRをピークに長く重ねると、それ自身が負荷になる。
A11: カーネル5.14系 | B11: RHEL 9の系。9.8 GAは5.14.0-687.5.1.el9_8。 | C11: PSIとsmaps_rollupが使える。正確な版はuname -r。
A12: glibc 2.34 | B12: RHEL 9の系。 | C12: posix_spawnの実体はclone(CLONE_VM|CLONE_VFORK)。
A13: sysstat 12.5系 | B13: kbmemusedの式が変わったあと。 | C13: RHEL 8の手順書の式を使わない。
A14: free | B14: 9.1以降のusedはMemTotal−MemAvailable。 | C14: sarの使用中と並べるときは列名を書く。
... A16: サポート期間 | B16: OpenJDK 21は2023-09-19のLTS。RHEL 9のフルサポートは2027-05-31まで。 | C16: 配布物の期限はRed HatのOpenJDKライフサイクル。rpmの版を残す。

Sheet 用語
A1: 用語
A2: 文書とExcelで使う言葉。正式な名前と、教室のたとえを並べてある。
A3: 用語 | B3: 意味 | C3: たとえ
A4: vCPU | B4: ゲストから見えるCPU。 | C4: 机。
A5: CFS | B5: LinuxがスレッドへvCPUの時間を配るスケジューラ。 | C5: 席を順番に使わせる係。
A6: %steal | B6: vCPUがゲストに渡っていなかった時間の割合。 | C6: 管理人に机を返していた時間。
A7: ヒープ | B7: Javaオブジェクトを置く領域。プロセスごとに独立。 | C7: 作業員の引き出し。
A8: メタスペース | B8: クラス定義を置く、ヒープの外。 | C8: 引き出しの外の、道具の目録。
A9: G1 | B9: OpenJDK 21の既定GC。 | C9: 引き出しの中を片付ける係。
A10: Young GC | B10: 若いオブジェクトの回収。短い停止がある。 | C10: 新しいゴミだけの片付け。
A11: Full GC | B11: ヒープ全体に近い停止回収。 | C11: 引き出し全体の大片付け。
A12: RSS | B12: 実メモリに載っているマップ。共有分も全量。 | C12: その人の机の上に見えている量。教科書も全冊に数える。
A13: PSS | B13: 共有分を人数で割った居住量。 | C13: 教科書を人数で割ったあとの量。
A14: VSZ | B14: 予約した住所の広さ。 | C14: 使ってよい棚の番号の範囲。
... A26: ロードアベレージ | B26: 実行したいタスクと割り込み不能タスクの指数平均。 | C26: 席を待っている人と、倉庫の前で止まっている人の平均。

Sheet 出典
A1: 出典
A2: 確認日 2026-10-14。対象サーバの実測は含まない。見本の16GiBと8 vCPUは式を見せる入力。
A3: 種類 | B3: 内容 | C3: この文書での使い方
A4: RHEL 9.8 | B4: 一般提供は2026-05-19。GA時点のカーネルは5.14.0-687.5.1.el9_8。リリースノートとRed Hatのリリース日一覧。 | C4: 版の起点。試験票はuname -rを貼る。
A5: RHEL 9.0 | B5: 2022-05-17。カーネル5.14系。フルサポートは2027-05-31まで。 | C5: cgroup v2と5.14の土台。
A6: sarのkbmemused | B6: Red Hatの説明。RHEL 9はMemTotal−(MemFree+Buffers+Cached+Slab)。sysstat 11.7.4で計算が変わった。 | C6: 古い手順書との差。
A7: free | B7: Red Hatの説明。RHEL 9.1以降のusedはMemTotal−MemAvailable。buff/cacheはBuffers+Cached+SReclaimable。 | C7: sarとfreeを同じ「使用中」と呼ばない。
A8: マニュアル | B8: sar(1)、vmstat(8)、iostat(1)、sadf(1)。vmstatとiostatの最初の1行は起動後平均。sarは間隔0で起動後平均。 | C8: 最初の1行の採用ルール。
A9: OpenJDKの起動 | B9: ProcessImpl。Linuxの既定はPOSIX_SPAWN。JDK 13の系統で既定になり、21も受け継ぐ。 | C9: 親が子を起動するときのメモリ複製の有無。
A10: G1の人数 | B10: ParallelGCThreadsは、見えるCPUが8以下ならその数、それ以外は8+(N-8)×5/8。ConcGCThreadsは(Parallel+2)/4を下回らない。 | C10: シート「計算」の式。
A11: OpenJDK 21 | B11: 既定GCはG1。JEP 439が世代別ZGC。JEP 444が仮想スレッド。CDSの既定は-Xshare:auto。2023-09-19のLTS。 | C11: フラグが無いときの説明の前提。
A12: vCPU | B12: AWSの定義。1 vCPUがハードウェアスレッドの場合と、コアそのものの場合がある。 | C12: 判定はゲストのlscpu。
A13: PSI | B13: LinuxカーネルのPressure Stall Information。/proc/pressureのsomeとfull。 | C13: ロードアベレージと並べる資源ごとの止まり。
A14: 測っていないもの | B14: インスタンスタイプ、実フラグ、実sar、GCログ、DB接続、CloudWatchエージェントのメモリ式。 | C14: 見本の数字を測定値として使わない。
A15: 対になる文書 | B15: 親子JVMのメモリとCPUとsar.md | C15: 物語と経緯の全文。このブックは表と計算。
